{
  "markets": {
    "batter_hits": {
      "a": 1.0,
      "b": 0.0,
      "n_fit": 0
    },
    "pitcher_strikeouts": {
      "a": 0.14600838099364294,
      "b": -0.17448956914295455,
      "n_fit": 458
    }
  }
}